CommonNeighbor,AdamicAdar,JaccardCoefficient,PreferentialAttachment,ResourceAllocation,ShortestPath,CommonCountry,Label
6,1.3217348,0.6,1.5625,0.321519796,1,6,1
2,1.36535884,0.1,1.333333333,0.5,1,2,1
2,0.402429604,0.2,1,0.083333333,0.5,2,1
2,1.391137574,0.153846154,1.25,0.458333333,1,2,1
0,1.2795086,0.222222222,1,0.4,1,0,1
2,0.85016772,0.5,1,0.191666667,1,2,1
6,3.366288429,0.777777778,1,0.875,1,6,1
9,5.491912938,0.6,1.458333333,1.55,1,9,1
1,0,0,1.166666667,0,1,1,1
2,3.719849861,0.4,2.333333333,1.106060606,1,2,1
5,3.287570296,0.263157895,1.792592593,0.9,1,5,1
0,3.159838385,0.3125,1.955555556,0.831818182,1,0,1
0,0.306927676,0.090909091,1,0.038461538,0.5,0,1
0,3.087396712,0.269230769,1.04,0.739164905,1,0,1
10,4.77259402,0.257142857,1.470588235,0.860218254,1,10,1
3,0.601598475,0.153846154,1,0.075555556,0.5,3,1
10,3.336937306,0.75,1.090909091,0.568293651,1,10,1
10,3.521201764,0.529411765,1.125,0.606071429,1,10,1
3,2.218200874,0.114285714,1.470588235,0.540522876,1,3,1
0,8.405853509,0.215686275,2.731092437,2.343849206,1,0,1
0,2.023596076,0.076923077,1.654411765,0.34508547,1,0,1
3,1.820478453,0.057142857,1.470588235,0.666666667,1,3,1
0,2.023596076,0.075,1.470588235,0.34508547,1,0,1
10,5.22457903,0.285714286,1.604278075,1.035218254,1,10,1
12,8.007052994,0.428571429,1.654411765,1.911852241,1,12,1
1,0,0,2.941176471,0,1,1,1
5,2.236841596,0.5,1.285714286,0.538095238,1,5,1
7,3.845070993,0.461538462,1.607142857,1.062698413,1,7,1
5,2.236841596,0.5,1.285714286,0.538095238,1,5,1
0,0,0,1.071428571,0,0.333333333,0,1
2,1.442695041,0.125,2.571428571,0.5,1,2,1
2,1.442695041,0.125,2.571428571,0.5,1,2,1
3,1.820478453,0.25,1.285714286,0.555555556,1,3,1
0,4.134987961,0.294117647,1.96875,1.324542125,1,0,1
0,1.335045189,0.285714286,1.5,0.261904762,1,0,1
5,2.485339738,0.5,1,0.8,1,5,1
5,2.485339738,0.5,1,0.8,1,5,1
3,1.442695041,0.333333333,1,0.5,1,3,1
0,1.082021281,0.076923077,1.111111111,0.375,1,0,1
3,1.592918647,0.181818182,1.125,0.5,1,3,1
3,1.592918647,0.181818182,1.125,0.5,1,3,1
0,2.305515793,0.4,2.916666667,0.75,1,0,1
3,0.729409584,0.142857143,1.090909091,0.085555556,0.5,3,1
3,2.037492798,0.235294118,1.125,0.469411765,1,3,1
5,3.013382325,0.454545455,2.5,0.624458874,1,5,1
3,6.492369879,0.6,7.873015873,1.159298556,1,3,1
0,3.899313645,0.555555556,4.244897959,0.630586692,1,0,1
3,3.129996186,0.375,7.428571429,0.367095919,1,3,1
3,6.104248603,0.666666667,7.428571429,1.033299107,1,3,1
0,6.00708126,0.6,6.396825397,1.10107206,1,0,1
5,4.074657643,0.3,11.19444444,0.540202255,1,5,1
7,7.975826884,0.7,11.19444444,1.547441424,1,7,1
0,5.013964452,0.666666667,6.035714286,0.844360246,1,0,1
0,0,0,1.333333333,0,1,0,1
3,2.352934268,0.2,1.777777778,0.722222222,1,3,1
4,2.424227212,0.105263158,4.333333333,0.509803922,1,4,1
0,1.820478453,0.105263158,1.444444444,0.666666667,1,0,1
2,2.782275147,0.157894737,2.166666667,0.916666667,1,2,1
7,4.720021832,0.344827586,1.392857143,0.715361994,1,7,1
0,4.428382804,0.4,1.291666667,0.681827164,1,0,1
3,0.596051216,0.142857143,1,0.076785714,0.5,3,1
0,4.125751701,0.555555556,1.294117647,0.642069073,1,0,1
9,3.333251971,0.833333333,1,0.524636958,1,9,1
0,4.570520179,0.357142857,1.407407407,0.697883434,1,0,1
7,3.50729933,0.625,1.066666667,0.560188906,1,7,1
7,5.131764913,0.217391304,1.555555556,0.788158167,1,7,1
9,3.333251971,0.833333333,1,0.524636958,1,9,1
5,2.485339738,0.4,1,0.8,1,5,1
0,1.592918647,0.086956522,1.590909091,0.5,1,0,1
5,2.73071768,0.5,9,0.777777778,1,5,1
5,2.73071768,0.5,9,0.777777778,1,5,1
6,2.701170744,0.5,1.142857143,0.85,1,6,1
6,2.485339738,0.5,1.371428571,0.8,1,6,1
0,2.701170744,0.5,1.142857143,0.85,1,0,1
3,2.73071768,0.5,9,0.666666667,1,3,1
3,2.73071768,0.5,9,0.666666667,1,3,1
3,2.73071768,0.5,9,0.666666667,1,3,1
3,1.442695041,0.333333333,1,0.5,1,3,1
9,2.563745975,0.714285714,1,0.711111111,1,9,1
9,2.563745975,0.714285714,1,0.711111111,1,9,1
2,1.256215483,0.153846154,1.666666667,0.388888889,1,2,1
1,0,0,1.111111111,0,1,1,1
1,1.442695041,0.125,1,0.5,1,1,1
9,2.563745975,0.714285714,1,0.711111111,1,9,1
3,1.468349853,0.5,1,0.5,1,3,1
4,1.468349853,0.5,1,0.5,1,4,1
3,2.524716322,0.666666667,1.44,0.8125,1,3,1
5,1.224897207,0.181818182,1.333333333,0.375,1,5,1
4,2.164042561,0.6,1,0.75,1,4,1
4,2.164042561,0.6,1,0.75,1,4,1
8,2.555078547,0.307692308,1.25,0.64047619,1,8,1
8,1.658431781,0.666666667,1,0.36031746,1,8,1
1,0,0,1.157894737,0,1,1,1
3,2.885390082,0.1,1.543859649,1,1,3,1
7,3.744071841,0.5,1.296296296,1.291666667,1,7,1
6,3.003786194,0.75,1,0.814285714,1,6,1
6,3.083390054,0.545454545,1,0.857142857,1,6,1
6,3.003786194,0.75,1,0.814285714,1,6,1
7,3.003786194,0.75,1,0.814285714,1,7,1
6,3.003786194,0.75,1,0.814285714,1,6,1
0,0,0,1,0,0.333333333,0,-1
0,0,0,1.25,0,0.333333333,0,-1
0,0,0,1,0,0.25,0,-1
0,2.608028709,0.235294118,1.4375,0.622222222,1,0,-1
0,2.654576449,0.19047619,1.35,0.641545894,1,0,-1
0,0.622342064,0.25,1,0.080515298,0.5,0,-1
0,0.933513097,0.181818182,1.375,0.120772947,0.5,0,-1
0,0,0,1,0,0.25,0,-1
0,0.933513097,0.181818182,1.375,0.120772947,0.5,0,-1
0,1.865011934,0.4,1,0.480515298,1,0,-1
0,0.622342064,0.25,1,0.080515298,0.5,0,-1
0,0.622342064,0.25,1,0.080515298,0.5,0,-1
0,0,0,1,0,0.333333333,0,-1
0,1.698796612,0.666666667,1,0.391626409,1,0,-1
0,0.455119613,0.04,1.428571429,0.111111111,0.5,0,-1
0,0.622342064,0.25,1,0.080515298,0.5,0,-1
0,0.455119613,0.041666667,1.5,0.111111111,0.5,0,-1
0,0,0,1,0,0.333333333,0,-1
0,0,0,1,0,0.333333333,0,-1
0,0,0,1,0,0.333333333,0,-1
0,0.622342064,0.4,1,0.080515298,0.5,0,-1
0,0,0,1,0,0.25,0,-1
0,0,0,1,0,0.333333333,0,-1
0,0,0,1,0,0.25,0,-1
0,0,0,1.216216216,0,0.333333333,0,-1
0,0,0,1,0,0.333333333,0,-1
0,0,0,1,0,0.25,0,-1
0,0,0,1.266666667,0,0.333333333,0,-1
0,0,0,1,0,0.333333333,0,-1
0,0,0,1.25,0,0.25,0,-1
0,0,0,1.25,0,0.25,0,-1
0,0.622342064,0.222222222,1,0.080515298,0.5,0,-1
0,0.622342064,0.222222222,1,0.080515298,0.5,0,-1
0,0.933513097,0.133333333,1.166666667,0.120772947,0.5,0,-1
0,0,0,1.25,0,0.25,0,-1
0,0,0,1,0,0.25,0,-1
0,0,0,1.2,0,0.25,0,-1
0,0,0,1.2,0,0.25,0,-1
0,0,0,1,0,0.25,0,-1
0,0,0,1,0,0.25,0,-1
0,0,0,1,0,0.25,0,-1
0,0,0,1,0,0.25,0,-1
0,0,0,1.666666667,0,0.333333333,0,-1
0,0,0,2.5,0,0.333333333,0,-1
0,0.455119613,0.125,1,0.111111111,0.5,0,-1
0,0,0,1.04,0,0.25,0,-1
0,0,0,1,0,0.25,0,-1
0,0,0,1,0,0.25,0,-1
0,0,0,1.4,0,0.25,0,-1
0,0,0,1,0,0.25,0,-1
0,0,0,1.090909091,0,0.333333333,0,-1
0,0,0,1,0,0.25,0,-1
0,0,0,1.1,0,0.333333333,0,-1
0,0,0,1,0,0.25,0,-1
0,0,0,1.4,0,0.25,0,-1
0,0.303413076,0.125,1,0.037037037,0.5,0,-1
0,0,0,1,0,0.333333333,0,-1
0,0,0,1,0,0.25,0,-1
0,0,0,1,0,0.333333333,0,-1
0,0.303413076,0.071428571,1.5,0.037037037,0.5,0,-1
0,0,0,1,0,0.25,0,-1
0,0,0,1.2,0,0.25,0,-1
0,0,0,1.4,0,0.25,0,-1
0,0,0,1.4,0,0.25,0,-1
0,0,0,1,0,0.333333333,0,-1
0,0,0,1,0,0.25,0,-1
0,0,0,1.5,0,0.333333333,0,-1
0,0,0,1,0,0.25,0,-1
0,0,0,1,0,0.25,0,-1
0,0,0,1,0,0.25,0,-1
0,0,0,1,0,0.25,0,-1
0,0,0,1.666666667,0,0.25,0,-1
0,0,0,1.666666667,0,0.25,0,-1
0,0,0,1,0,0.25,0,-1
0,0,0,1.090909091,0,0.25,0,-1
0,0,0,1,0,0.333333333,0,-1
0,0,0,1,0,0.333333333,0,-1
0,0,0,1,0,0.333333333,0,-1
0,0,0,1.25,0,0.25,0,-1
0,0,0,1,0,0.25,0,-1
0,0,0,1,0,0.25,0,-1
0,0,0,1,0,0.25,0,-1
0,0,0,1.333333333,0,0.25,0,-1
0,0,0,1,0,0.25,0,-1
0,0,0,1.4,0,0.25,0,-1
0,0,0,1,0,0.25,0,-1
1,0,0,1,0,0.25,1,-1
1,0,0,1,0,0.25,1,-1
0,0,0,1.066666667,0,0.25,0,-1
0,0,0,1,0,0.333333333,0,-1
0,0,0,1,0,0.25,0,-1
0,0,0,1,0,0.25,0,-1
0,0,0,1,0,0.25,0,-1
0,0.455119613,0.111111111,1.2,0.111111111,0.5,0,-1
0,0,0,2.666666667,0,0.333333333,0,-1
0,0,0,1,0,0.25,0,-1
0,0,0,1,0,0.25,0,-1
0,0,0,1,0,0.25,0,-1
0,0,0,1.25,0,0.25,0,-1
0,0,0,1,0,0.25,0,-1
0,0,0,1.2,0,0.25,0,-1
0,0,0,1,0,0.25,0,-1
0,0,0,1,0,0.25,0,-1
0,0.303413076,0.125,1,0.037037037,0.5,0,-1
0,0.303413076,0.125,1,0.037037037,0.5,0,-1
0,0,0,1,0,0.333333333,0,-1
0,0.622342064,0.222222222,1,0.080515298,0.5,0,-1
0,1.698796612,0.666666667,1,0.391626409,1,0,-1
0,0,0,1,0,0.25,0,-1
0,0,0,1,0,0.25,0,-1
0,0,0,1,0,0.333333333,0,-1
0,0,0,1,0,0.333333333,0,-1
0,0,0,1,0,0.333333333,0,-1
0,1.820478453,0.4,1,0.666666667,1,0,-1
1,0,0,1,0,0.333333333,1,-1
0,0.72134752,0.25,1,0.25,0.5,0,-1
0,1.631586747,0.5,1,0.583333333,1,0,-1
0,1.631586747,0.5,1,0.583333333,1,0,-1
0,0.961796694,0.333333333,1,0.25,0.5,0,-1
10,2.204466563,0.666666667,1,0.65,1,10,-1
10,2.204466563,0.666666667,1,0.65,1,10,-1
10,2.585352324,0.5,1.142857143,0.7875,1,10,-1
6,0.961796694,0.333333333,1,0.25,0.5,6,-1
10,2.585352324,0.5,1.142857143,0.7875,1,10,-1
10,2.204466563,0.666666667,1,0.65,1,10,-1
3,2.276759824,0.3,1.222222222,0.681818182,1,3,-1
0,0,0,1,0,0.333333333,0,-1
3,1.555412303,0.6,1,0.431818182,1,3,-1
3,2.276759824,0.3,1.222222222,0.681818182,1,3,-1
0,1.555412303,0.6,1,0.431818182,1,0,-1
3,0.834064783,0.333333333,1,0.181818182,0.5,3,-1
0,0.834064783,0.133333333,1.153846154,0.181818182,0.5,0,-1
0,0.834064783,0.4,1,0.181818182,0.5,0,-1
0,0.834064783,0.333333333,1,0.181818182,0.5,0,-1
3,0.834064783,0.333333333,1,0.181818182,0.5,3,-1
0,0,0,1.428571429,0,0.333333333,0,-1
0,0,0,1.615384615,0,0.25,0,-1
0,0,0,1.533333333,0,0.25,0,-1
0,0,0,1.473684211,0,0.333333333,0,-1
0,0,0,1,0,0.25,0,-1
0,0,0,1.222222222,0,0.333333333,0,-1
0,0,0,1,0,0.25,0,-1
0,0,0,1.428571429,0,0.25,0,-1
0,0,0,1.428571429,0,0.25,0,-1
0,0,0,1,0,0.25,0,-1
0,0,0,1,0,0.25,0,-1
0,0,0,1.5,0,0.25,0,-1
0,0,0,1,0,0.25,0,-1
0,0,0,1.428571429,0,0.333333333,0,-1
0,0,0,1,0,0.25,0,-1
0,0,0,1,0,0.25,0,-1
0,0,0,1.6,0,0.333333333,0,-1
0,0,0,1,0,0.333333333,0,-1
0,0,0,1,0,0.25,0,-1
0,0,0,1,0,0.333333333,0,-1
0,0,0,1,0,0.333333333,0,-1
0,0,0,1,0,0.333333333,0,-1
0,2.164042561,0.6,1,0.75,1,0,-1
0,2.164042561,0.6,1,0.75,1,0,-1
4,2.164042561,0.6,1,0.75,1,4,-1
4,2.164042561,0.6,1,0.75,1,4,-1
0,0,0,1.5625,0,0.25,0,-1
0,0,0,1.25,0,0.25,0,-1
0,0,0,1.785714286,0,0.25,0,-1
0,0,0,1.25,0,0.25,0,-1
0,0,0,1.875,0,0.25,0,-1
0,0.296974204,0.166666667,1.25,0.034482759,0.5,0,-1
4,2.411882611,0.130434783,1.647727273,0.642592593,1,4,-1
4,2.395785433,0.130434783,1.534090909,0.636206897,1,4,-1
0,0,0,1.25,0,0.25,0,-1
3,0.897361484,0.166666667,1.625,0.106002554,0.5,3,-1
0,0,0,1.52027027,0,0.333333333,0,-1
0,0,0,1.25,0,0.25,0,-1
0,0,0,1.666666667,0,0.25,0,-1
0,0,0,1.25,0,0.25,0,-1
0,0,0,1.5625,0,0.25,0,-1
0,0,0,1.5625,0,0.25,0,-1
0,0,0,1.875,0,0.333333333,0,-1
0,0,0,1.5625,0,0.25,0,-1
0,0,0,1.25,0,0.25,0,-1
0,0,0,2,0,0.25,0,-1
0,0,0,1.25,0,0.25,0,-1
0,0,0,1.3,0,0.333333333,0,-1
0,0,0,1.25,0,0.25,0,-1
0,0,0,1.944444444,0,0.25,0,-1
0,0,0,1.363636364,0,0.25,0,-1
0,0,0,1.375,0,0.25,0,-1
0,0,0,1.25,0,0.25,0,-1
0,0,0,1.25,0,0.25,0,-1
0,0.60038728,0.086956522,1.369047619,0.071519796,0.5,0,-1
0,0,0,1.25,0,0.25,0,-1
0,0,0,1.416666667,0,0.25,0,-1
0,0,0,1.25,0,0.333333333,0,-1
0,0,0,1.590909091,0,0.25,0,-1
0,0,0,1.666666667,0,0.25,0,-1
0,0,0,1.25,0,0.333333333,0,-1
0,0,0,1.25,0,0.333333333,0,-1
0,0,0,1.25,0,0.25,0,-1
0,0,0,1.25,0,0.25,0,-1
0,0,0,1.25,0,0.25,0,-1
0,0,0,1.25,0,0.25,0,-1
3,1.049068022,0.166666667,1.75,0.124521073,0.5,3,-1
0,0.60038728,0.2,1.40625,0.071519796,0.5,0,-1
0,0,0,1.25,0,0.25,0,-1
0,0,0,2,0,0.25,0,-1
0,0,0,1.805555556,0,0.25,0,-1
0,0,0,2.03125,0,0.333333333,0,-1
0,0,0,1.944444444,0,0.25,0,-1
0,0,0,1.25,0,0.25,0,-1
0,0,0,1.25,0,0.25,0,-1
0,0,0,1.25,0,0.25,0,-1
0,0,0,1.25,0,0.25,0,-1
0,0,0,1.25,0,0.333333333,0,-1
0,0,0,1.25,0,0.25,0,-1
0,0,0,1.875,0,0.25,0,-1
0,0,0,1.25,0,0.333333333,0,-1
0,0,0,1.25,0,0.333333333,0,-1
0,0,0,1.25,0,0.333333333,0,-1
0,0.60038728,0.181818182,1.527777778,0.071519796,0.5,0,-1
0,0,0,1.607142857,0,0.333333333,0,-1
0,0,0,1.25,0,0.333333333,0,-1
0,0,0,1.25,0,0.333333333,0,-1
0,0,0,1.513157895,0,0.25,0,-1
0,0.60038728,0.2,1.40625,0.071519796,0.5,0,-1
0,0,0,1.25,0,0.333333333,0,-1
0,0,0,1.25,0,0.25,0,-1
0,0,0,1.5,0,0.25,0,-1
0,0,0,2.083333333,0,0.25,0,-1
0,0,0,2.083333333,0,0.25,0,-1
0,0.296974204,0.071428571,1.363636364,0.034482759,0.5,0,-1
0,0,0,1.25,0,0.25,0,-1
0,0,0,1.25,0,0.25,0,-1
2,0.303413076,0.111111111,1.25,0.037037037,0.5,2,-1
0,0,0,2.115384615,0,0.25,0,-1
0,0,0,1.25,0,0.25,0,-1
0,0,0,1.25,0,0.25,0,-1
0,0,0,1.666666667,0,0.25,0,-1
0,0,0,1.25,0,0.25,0,-1
0,0,0,1.25,0,0.25,0,-1
0,0,0,1.25,0,0.25,0,-1
0,0,0,1.25,0,0.333333333,0,-1
0,0,0,1.323529412,0,0.25,0,-1
0,0,0,1.5625,0,0.25,0,-1
0,0,0,1.25,0,0.25,0,-1
0,0,0,1.25,0,0.25,0,-1
0,0,0,1.25,0,0.333333333,0,-1
0,0,0,1.25,0,0.25,0,-1
6,1.532389682,0.6,1.25,0.371519796,1,6,-1
0,0,0,1.25,0,0.333333333,0,-1
2,0.303413076,0.090909091,1.40625,0.037037037,0.5,2,-1
3,0.752093818,0.153846154,1.363636364,0.090038314,0.5,3,-1
0,0,0,1.25,0,0.333333333,0,-1
3,0.60038728,0.181818182,1.527777778,0.071519796,0.5,3,-1
0,0,0,1.25,0,0.333333333,0,-1
0,0,0,1.25,0,0.333333333,0,-1
0,0,0,1.25,0,0.333333333,0,-1
0,0,0,1.25,0,0.333333333,0,-1
0,0,0,1.25,0,0.333333333,0,-1
0,0,0,1.25,0,0.25,0,-1
2,0.303413076,0.111111111,1.25,0.037037037,0.5,2,-1
2,0.303413076,0.090909091,1.40625,0.037037037,0.5,2,-1
0,0,0,2.5,0,0.25,0,-1
0,0.296974204,0.055555556,1.333333333,0.034482759,0.5,0,-1
0,0,0,1.25,0,0.25,0,-1
0,0.303413076,0.111111111,1.25,0.037037037,0.5,0,-1
0,0,0,2.5,0,0.25,0,-1
0,0,0,1.944444444,0,0.25,0,-1
0,0,0,2,0,0.25,0,-1
3,0.60038728,0.25,1.25,0.071519796,0.5,3,-1
0,0.60038728,0.25,1.25,0.071519796,0.5,0,-1
0,0,0,1.25,0,0.25,0,-1
0,0,0,1.25,0,0.333333333,0,-1
0,0,0,1.5625,0,0.25,0,-1
0,0,0,1.477272727,0,0.333333333,0,-1
0,0.60038728,0.166666667,1.25,0.071519796,0.5,0,-1
0,0.60038728,0.25,1.25,0.071519796,0.5,0,-1
0,0.60038728,0.25,1.25,0.071519796,0.5,0,-1
2,0.296974204,0.125,1.25,0.034482759,0.5,2,-1
0,0,0,1.25,0,0.333333333,0,-1
0,0,0,1.25,0,0.25,0,-1
0,0,0,1.25,0,0.333333333,0,-1
0,0,0,1.25,0,0.25,0,-1
0,0,0,1.25,0,0.25,0,-1
0,0,0,1.25,0,0.25,0,-1
1,0,0,1.25,0,0.333333333,1,-1
1,0,0,1.25,0,0.333333333,1,-1
0,0.296974204,0.125,1.25,0.034482759,0.5,0,-1
0,0,0,1.25,0,0.333333333,0,-1
0,0,0,1.25,0,0.333333333,0,-1
0,0,0,1.25,0,0.333333333,0,-1
0,0,0,1.25,0,0.25,0,-1
0,0,0,1.25,0,0.25,0,-1
0,0,0,1.25,0,0.25,0,-1
0,0,0,1.25,0,0.333333333,0,-1
0,0,0,1.25,0,0.25,0,-1
0,0,0,1.25,0,0.25,0,-1
0,0.513898342,0.125,1,0.142857143,0.5,0,-1
6,1.652278254,0.6,1,0.483766234,1,6,-1
0,0.513898342,0.166666667,1,0.142857143,0.5,0,-1
6,1.859727432,0.375,1,0.590909091,1,6,-1
6,1.956593383,0.25,1,0.642857143,1,6,-1
0,0.513898342,0.166666667,1,0.142857143,0.5,0,-1
0,1.652278254,0.6,1,0.483766234,1,0,-1
0,0,0,1,0,0.333333333,0,-1
0,0.417032391,0.1,1,0.090909091,0.5,0,-1
4,0.417032391,0.1,1,0.090909091,0.5,4,-1
0,0.417032391,0.1,1,0.090909091,0.5,0,-1
4,0.417032391,0.1,1,0.090909091,0.5,4,-1
0,0.417032391,0.1,1,0.090909091,0.5,0,-1
0,0.417032391,0.1,1,0.090909091,0.5,0,-1
0,0.417032391,0.1,1,0.090909091,0.5,0,-1
0,0,0,1,0,0.333333333,0,-1
6,1.820478453,0.5,1,0.666666667,1,6,-1
6,1.820478453,0.5,1,0.666666667,1,6,-1
6,1.820478453,0.5,1,0.666666667,1,6,-1
0,1.589936484,0.142857143,1.538461538,0.3875,1,0,-1
0,0.333808201,0.125,1,0.05,0.5,0,-1
0,0,0,1,0,0.333333333,0,-1
0,0,0,1,0,0.333333333,0,-1
0,1.41590513,0.1875,1.0625,0.3,0.5,0,-1
0,0.333808201,0.125,1,0.05,0.5,0,-1
0,0.333808201,0.125,1,0.05,0.5,0,-1
0,0.333808201,0.166666667,1,0.05,0.5,0,-1
0,0.333808201,0.125,1,0.05,0.5,0,-1
0,0.500712301,0.090909091,1.111111111,0.075,0.5,0,-1
0,1.799956471,0.375,1.375,0.375,0.5,0,-1
0,1.388963922,0.285714286,1.666666667,0.2875,1,0,-1
0,0,0,1,0,0.333333333,0,-1
0,1.24900103,0.6,1,0.275,0.5,0,-1
0,0,0,1,0,0.333333333,0,-1
0,0,0,1,0,0.333333333,0,-1
0,0.333808201,0.166666667,1,0.05,0.5,0,-1
0,1.152154024,0.285714286,1.333333333,0.225,1,0,-1
0,0,0,1,0,0.333333333,0,-1
1,0,0,1,0,0.333333333,1,-1
2,0.402429604,0.076923077,2,0.083333333,0.5,2,-1
1,0,0,1,0,0.333333333,1,-1
0,0,0,1.857142857,0,0.333333333,0,-1
1,0,0,2,0,0.333333333,1,-1
0,0,0,2,0,0.25,0,-1
1,0,0,2,0,0.333333333,1,-1
1,0,0,1.25,0,0.333333333,1,-1
1,0,0,1,0,0.25,1,-1
1,0,0,1.714285714,0,0.333333333,1,-1
0,0,0,2.307692308,0,0.25,0,-1
2,0.402429604,0.25,1,0.083333333,0.5,2,-1
1,0,0,1.571428571,0,0.25,1,-1
0,0,0,1.75,0,0.25,0,-1
0,0,0,2.2,0,0.25,0,-1
0,0,0,2.181818182,0,0.333333333,0,-1
1,0,0,2,0,0.333333333,1,-1
2,0.603644407,0.125,1.285714286,0.125,0.5,2,-1
2,0.603644407,0.333333333,1.5,0.125,1,2,-1
1,0,0,1,0,0.25,1,-1
0,0,0,1.333333333,0,0.333333333,0,-1
0,0,0,1,0,0.25,0,-1
0,0,0,1.5,0,0.25,0,-1
0,0,0,2,0,0.25,0,-1
1,0,0,1,0,0.333333333,1,-1
1,0,0,1.875,0,0.25,1,-1
1,0,0,1,0,0.25,1,-1
2,0.402429604,0.25,1,0.083333333,0.5,2,-1
0,0.402429604,0.25,1,0.083333333,0.5,0,-1
2,0.603644407,0.125,1.285714286,0.125,0.5,2,-1
1,0,0,1,0,0.333333333,1,-1
1,0,0,1,0,0.333333333,1,-1
0,0,0,1,0,0.25,0,-1
1,0,0,1,0,0.333333333,1,-1
0,0,0,1,0,0.333333333,0,-1
1,0,0,1,0,0.333333333,1,-1
0,1.799653322,0.8,1,0.433333333,0.5,0,-1
0,1.799653322,0.8,1,0.433333333,0.5,0,-1
0,2.04803826,0.375,1.428571429,0.5,1,0,-1
0,2.016800563,0.428571429,1.5,0.483333333,1,0,-1
0,2.016800563,0.428571429,1.5,0.483333333,1,0,-1
0,2.016800563,0.428571429,1.5,0.483333333,1,0,-1
0,0.434294482,0.25,1,0.1,0.5,0,-1
0,2.771653181,0.444444444,1.166666667,0.880952381,1,0,-1
0,1.749144205,0.375,1,0.535714286,1,0,-1
0,2.771653181,0.444444444,1.166666667,0.880952381,1,0,-1
0,1.585907311,0.428571429,1,0.452380952,0.5,0,-1
0,1.749144205,0.375,1,0.535714286,1,0,-1
0,1.468349853,0.25,1,0.5,1,0,-1
0,2.848275138,0.444444444,1,0.952380952,1,0,-1
1,1.468349853,0.25,1,0.5,1,1,-1
4,2.164042561,0.6,1,0.75,1,4,-1
4,2.164042561,0.6,1,0.75,1,4,-1
4,2.164042561,0.6,1,0.75,1,4,-1
4,2.164042561,0.6,1,0.75,1,4,-1
0,0,0,1,0,0.333333333,0,-1
3,1.202245867,0.666666667,2.333333333,0.25,0.5,3,-1
0,0.36067376,0.166666667,1.2,0.0625,0.5,0,-1
0,0.36067376,0.166666667,1.2,0.0625,0.5,0,-1
2,0.961796694,0.1,1.777777778,0.25,1,2,-1
0,0,0,1,0,0.333333333,0,-1
3,1.021908987,0.5,1.25,0.21875,0.5,3,-1
2,0.72134752,0.142857143,1.333333333,0.125,1,2,-1
2,0.36067376,0.333333333,1,0.0625,0.5,2,-1
3,1.202245867,0.666666667,2.333333333,0.25,0.5,3,-1
0,0,0,1,0,0.333333333,0,-1
3,0.841572107,0.666666667,1,0.1875,0.5,3,-1
6,2.271792391,0.555555556,1,0.557575758,1,6,-1
4,1.155571138,0.3,1,0.224242424,0.5,4,-1
4,1.155571138,0.3,1,0.224242424,0.5,4,-1
4,1.155571138,0.3,1,0.224242424,0.5,4,-1
0,0.738538746,0.2,1,0.133333333,0.5,0,-1
6,2.782139999,0.416666667,1.222222222,0.7,1,6,-1
6,2.271792391,0.555555556,1,0.557575758,1,6,-1
6,2.271792391,0.555555556,1,0.557575758,1,6,-1
2,1.442695041,0.111111111,1,0.5,1,2,-1
6,3.038419213,0.333333333,1.25,0.76969697,1,6,-1
6,3.038419213,0.333333333,1.25,0.76969697,1,6,-1
2,1.442695041,0.111111111,1,0.5,1,2,-1
3,0.738538746,0.2,1,0.133333333,0.5,3,-1
3,0.738538746,0.2,1,0.133333333,0.5,3,-1
4,1.155571138,0.375,1,0.224242424,0.5,4,-1
4,1.155571138,0.375,1,0.224242424,0.5,4,-1
4,1.155571138,0.375,1,0.224242424,0.5,4,-1
0,0.738538746,0.25,1,0.133333333,0.5,0,-1
6,2.704927719,0.5,1.222222222,0.658333333,1,6,-1
6,2.194580111,0.714285714,1,0.515909091,1,6,-1
6,2.194580111,0.714285714,1,0.515909091,1,6,-1
2,0.480898347,0.142857143,1,0.125,0.5,2,-1
6,2.961206933,0.384615385,1.25,0.728030303,1,6,-1
6,2.961206933,0.384615385,1.25,0.728030303,1,6,-1
2,0.480898347,0.142857143,1,0.125,0.5,2,-1
3,0.738538746,0.25,1,0.133333333,0.5,3,-1
3,0.738538746,0.25,1,0.133333333,0.5,3,-1
2,1.595012303,0.285714286,1.5,0.392857143,1,2,-1
4,1.392153422,1,1,0.349206349,0.5,4,-1
0,1.251064193,0.4,1.5,0.273809524,1,0,-1
2,1.747405166,0.166666667,1.272727273,0.472222222,1,2,-1
0,0,0,3.666666667,0,0.333333333,0,-1
0,0.378923182,0.125,1.166666667,0.071428571,0.5,0,-1
0,0.378923182,0.083333333,1.3,0.071428571,0.5,0,-1
0,0.378923182,0.111111111,2.285714286,0.071428571,0.5,0,-1
0,0.378923182,0.142857143,1,0.071428571,0.5,0,-1
0,0,0,1.5,0,0.25,0,-1
0,0,0,1.285714286,0,0.333333333,0,-1
0,0,0,1,0,0.25,0,-1
4,0.834042795,0.5,1,0.182539683,0.5,4,-1
0,0,0,1.5,0,0.25,0,-1
3,0.834042795,0.5,1,0.182539683,0.5,3,-1
0,0.378923182,0.111111111,2.285714286,0.071428571,0.5,0,-1
0,0,0,1,0,0.333333333,0,-1
0,0,0,1,0,0.333333333,0,-1
0,0,0,2,0,0.333333333,0,-1
0,0,0,1,0,0.333333333,0,-1
0,0,0,1,0,0.333333333,0,-1
0,0,0,1,0,0.25,0,-1
4,3.140668636,0.384615385,1.416666667,0.693404635,1,4,-1
0,0,0,1.770833333,0,0.25,0,-1
0,0,0,2.083333333,0,0.25,0,-1
0,0,0,1.416666667,0,0.25,0,-1
0,0,0,1.983333333,0,0.25,0,-1
0,0,0,1.7,0,0.25,0,-1
0,0,0,2.023809524,0,0.25,0,-1
0,0,0,2.125,0,0.25,0,-1
7,6.536708966,0.846153846,2.006944444,1.655344655,1,7,-1
0,0,0,1.722972973,0,0.25,0,-1
0,0,0,1.416666667,0,0.25,0,-1
0,0,0,2.094202899,0,0.333333333,0,-1
0,0,0,1.416666667,0,0.25,0,-1
0,0.460391515,0.076923077,2.125,0.057692308,0.5,0,-1
0,0,0,2.833333333,0,0.25,0,-1
0,0,0,4.004444444,0,0.25,0,-1
0,0,0,2.155797101,0,0.25,0,-1
0,0,0,1.7,0,0.25,0,-1
0,0,0,1.7,0,0.25,0,-1
0,0,0,2.213541667,0,0.25,0,-1
0,0,0,1.416666667,0,0.25,0,-1
0,0,0,1.888888889,0,0.333333333,0,-1
0,0,0,2.361111111,0,0.25,0,-1
0,0,0,1.652777778,0,0.25,0,-1
0,0.767319191,0.0625,2.266666667,0.096153846,0.5,0,-1
0,0,0,2.060606061,0,0.333333333,0,-1
0,0.378923182,0.027777778,1.7,0.071428571,0.5,0,-1
0,0.378923182,0.04,1.821428571,0.071428571,0.5,0,-1
0,0,0,1.416666667,0,0.333333333,0,-1
0,0,0,1.416666667,0,0.333333333,0,-1
0,0,0,2.569767442,0,0.25,0,-1
0,0,0,1.416666667,0,0.25,0,-1
0,0,0,1.619047619,0,0.333333333,0,-1
0,0,0,1.416666667,0,0.25,0,-1
0,0,0,1.416666667,0,0.25,0,-1
0,0,0,1.416666667,0,0.333333333,0,-1
0,0,0,1.545454545,0,0.25,0,-1
0,0,0,1.416666667,0,0.25,0,-1
0,0,0,1.416666667,0,0.333333333,0,-1
0,0,0,1.558333333,0,0.333333333,0,-1
0,0,0,2.686781609,0,0.25,0,-1
0,0,0,1.416666667,0,0.333333333,0,-1
0,0.306927676,0.076923077,1.416666667,0.038461538,0.5,0,-1
0,0,0,1.416666667,0,0.333333333,0,-1
0,3.973668805,0.461538462,2.226190476,0.882490059,1,0,-1
0,0,0,2.55,0,0.25,0,-1
0,0,0,1.416666667,0,0.333333333,0,-1
0,0,0,2.55,0,0.25,0,-1
0,0,0,1.416666667,0,0.25,0,-1
0,0,0,1.416666667,0,0.333333333,0,-1
